mc	mn	quarterbeats	quarterbeats_all_endings	duration_qb	mc_onset	mn_onset	timesig	staff	voice	duration	gracenote	nominal_duration	scalar	tied	tpc	midi	name	octave	chord_id
1	1	0	0	0.5	0	0	4/4	2	1	1/8		1/8	1		-2	46	Bb2	2	13
1	1	0	0	0.5	0	0	4/4	1	2	1/8		1/8	1		-1	77	F5	5	5
1	1	0	0	1.0	0	0	4/4	1	1	1/4		1/4	1		-1	77	F5	5	0
1	1	1/2	1/2	0.5	1/8	1/8	4/4	2	1	1/8		1/8	1		-1	53	F3	3	14
1	1	1/2	1/2	0.5	1/8	1/8	4/4	1	2	1/8		1/8	1		2	62	D4	4	6
1	1	1	1	0.5	1/4	1/4	4/4	2	1	1/8		1/8	1		-1	41	F2	2	15
1	1	1	1	0.5	1/4	1/4	4/4	1	1	1/8		1/8	1		-1	77	F5	5	1
1	1	1	1	0.5	1/4	1/4	4/4	1	2	1/8		1/8	1		-1	77	F5	5	7
1	1	3/2	3/2	0.5	3/8	3/8	4/4	2	1	1/8		1/8	1		1	55	G3	3	16
1	1	3/2	3/2	0.5	3/8	3/8	4/4	1	2	1/8		1/8	1		-3	63	Eb4	4	8
1	1	3/2	3/2	0.5	3/8	3/8	4/4	1	1	1/8		1/8	1		-3	75	Eb5	5	2
1	1	2	2	0.5	1/2	1/2	4/4	2	1	1/8		1/8	1		-2	46	Bb2	2	17
1	1	2	2	0.5	1/2	1/2	4/4	1	2	1/8		1/8	1		2	74	D5	5	9
1	1	2	2	1.0	1/2	1/2	4/4	1	1	1/4		1/4	1		2	74	D5	5	3
1	1	5/2	5/2	0.5	5/8	5/8	4/4	2	1	1/8		1/8	1		3	57	A3	3	18
1	1	5/2	5/2	0.5	5/8	5/8	4/4	1	2	1/8		1/8	1		-1	65	F4	4	10
1	1	3	3	0.5	3/4	3/4	4/4	2	1	1/8		1/8	1		-1	41	F2	2	19
1	1	3	3	0.5	3/4	3/4	4/4	1	2	1/8		1/8	1		0	72	C5	5	11
1	1	3	3	1.0	3/4	3/4	4/4	1	1	1/4		1/4	1		0	72	C5	5	4
1	1	7/2	7/2	0.5	7/8	7/8	4/4	2	1	1/8		1/8	1		1	55	G3	3	20
1	1	7/2	7/2	0.5	7/8	7/8	4/4	1	2	1/8		1/8	1		-3	63	Eb4	4	12
2	2	4	4	0.5	0	0	4/4	2	1	1/8		1/8	1		-2	46	Bb2	2	30
2	2	4	4	0.5	0	0	4/4	1	2	1/8		1/8	1		-2	70	Bb4	4	24
2	2	4	4	1.0	0	0	4/4	1	1	1/4		1/4	1		-2	70	Bb4	4	21
2	2	9/2	9/2	0.5	1/8	1/8	4/4	2	1	1/8		1/8	1		-1	53	F3	3	31
2	2	9/2	9/2	0.5	1/8	1/8	4/4	1	2	1/8		1/8	1		2	62	D4	4	25
2	2	5	5	0.5	1/4	1/4	4/4	2	1	1/8		1/8	1		-1	41	F2	2	32
2	2	5	5	0.5	1/4	1/4	4/4	1	2	1/8		1/8	1		1	67	G4	4	26
2	2	5	5	1.0	1/4	1/4	4/4	1	1	1/4		1/4	1		1	67	G4	4	22
2	2	11/2	11/2	0.5	3/8	3/8	4/4	2	1	1/8		1/8	1		1	55	G3	3	33
2	2	11/2	11/2	0.5	3/8	3/8	4/4	1	2	1/8		1/8	1		-3	63	Eb4	4	27
2	2	6	6	0.5	1/2	1/2	4/4	2	1	1/8		1/8	1		-2	46	Bb2	2	34
2	2	6	6	2.0	1/2	1/2	4/4	1	1	1/2		1/2	1		-1	65	F4	4	23
2	2	13/2	13/2	0.5	5/8	5/8	4/4	2	1	1/8		1/8	1		3	57	A3	3	35
2	2	13/2	13/2	1.0	5/8	5/8	4/4	1	2	1/4		1/4	1		2	62	D4	4	28
2	2	7	7	0.5	3/4	3/4	4/4	2	1	1/8		1/8	1		-1	41	F2	2	36
2	2	15/2	15/2	0.5	7/8	7/8	4/4	2	1	1/8		1/8	1		1	55	G3	3	37
2	2	15/2	15/2	0.5	7/8	7/8	4/4	1	2	1/8		1/8	1		0	60	C4	4	29
3	3	8	8	0.5	0	0	4/4	2	1	1/8		1/8	1		-2	46	Bb2	2	51
3	3	8	8	0.5	0	0	4/4	1	2	1/8		1/8	1		-1	77	F5	5	43
3	3	8	8	1.0	0	0	4/4	1	1	1/4		1/4	1		-1	77	F5	5	38
3	3	17/2	17/2	0.5	1/8	1/8	4/4	2	1	1/8		1/8	1		-1	53	F3	3	52
3	3	17/2	17/2	0.5	1/8	1/8	4/4	1	2	1/8		1/8	1		2	62	D4	4	44
3	3	9	9	0.5	1/4	1/4	4/4	2	1	1/8		1/8	1		-1	41	F2	2	53
3	3	9	9	0.5	1/4	1/4	4/4	1	1	1/8		1/8	1		-1	77	F5	5	39
3	3	9	9	0.5	1/4	1/4	4/4	1	2	1/8		1/8	1		-1	77	F5	5	45
3	3	19/2	19/2	0.5	3/8	3/8	4/4	2	1	1/8		1/8	1		1	55	G3	3	54
3	3	19/2	19/2	0.5	3/8	3/8	4/4	1	2	1/8		1/8	1		-3	63	Eb4	4	46
3	3	19/2	19/2	0.5	3/8	3/8	4/4	1	1	1/8		1/8	1		-3	75	Eb5	5	40
3	3	10	10	0.5	1/2	1/2	4/4	2	1	1/8		1/8	1		-2	46	Bb2	2	55
3	3	10	10	0.5	1/2	1/2	4/4	1	2	1/8		1/8	1		2	74	D5	5	47
3	3	10	10	1.0	1/2	1/2	4/4	1	1	1/4		1/4	1		2	74	D5	5	41
3	3	21/2	21/2	0.5	5/8	5/8	4/4	2	1	1/8		1/8	1		3	57	A3	3	56
3	3	21/2	21/2	0.5	5/8	5/8	4/4	1	2	1/8		1/8	1		-1	65	F4	4	48
3	3	11	11	0.5	3/4	3/4	4/4	2	1	1/8		1/8	1		-1	41	F2	2	57
3	3	11	11	0.5	3/4	3/4	4/4	1	2	1/8		1/8	1		0	72	C5	5	49
3	3	11	11	1.0	3/4	3/4	4/4	1	1	1/4		1/4	1		0	72	C5	5	42
3	3	23/2	23/2	0.5	7/8	7/8	4/4	2	1	1/8		1/8	1		1	55	G3	3	58
3	3	23/2	23/2	0.5	7/8	7/8	4/4	1	2	1/8		1/8	1		-3	63	Eb4	4	50
4	4	12	12	0.5	0	0	4/4	2	1	1/8		1/8	1		-2	46	Bb2	2	68
4	4	12	12	0.5	0	0	4/4	1	2	1/8		1/8	1		-2	70	Bb4	4	62
4	4	12	12	1.0	0	0	4/4	1	1	1/4		1/4	1		-2	70	Bb4	4	59
4	4	25/2	25/2	0.5	1/8	1/8	4/4	2	1	1/8		1/8	1		-1	53	F3	3	69
4	4	25/2	25/2	0.5	1/8	1/8	4/4	1	2	1/8		1/8	1		2	62	D4	4	63
4	4	13	13	0.5	1/4	1/4	4/4	2	1	1/8		1/8	1		-1	41	F2	2	70
4	4	13	13	0.5	1/4	1/4	4/4	1	2	1/8		1/8	1		1	67	G4	4	64
4	4	13	13	1.0	1/4	1/4	4/4	1	1	1/4		1/4	1		1	67	G4	4	60
4	4	27/2	27/2	0.5	3/8	3/8	4/4	2	1	1/8		1/8	1		1	55	G3	3	71
4	4	27/2	27/2	0.5	3/8	3/8	4/4	1	2	1/8		1/8	1		-3	63	Eb4	4	65
4	4	14	14	0.5	1/2	1/2	4/4	2	1	1/8		1/8	1		-2	46	Bb2	2	72
4	4	14	14	2.0	1/2	1/2	4/4	1	1	1/2		1/2	1		-1	65	F4	4	61
4	4	29/2	29/2	0.5	5/8	5/8	4/4	2	1	1/8		1/8	1		3	57	A3	3	73
4	4	29/2	29/2	1.0	5/8	5/8	4/4	1	2	1/4		1/4	1		2	62	D4	4	66
4	4	15	15	0.5	3/4	3/4	4/4	2	1	1/8		1/8	1		-1	41	F2	2	74
4	4	31/2	31/2	0.5	7/8	7/8	4/4	2	1	1/8		1/8	1		1	55	G3	3	75
4	4	31/2	31/2	0.5	7/8	7/8	4/4	1	2	1/8		1/8	1		0	60	C4	4	67
5	5	16	16	0.5	0	0	4/4	2	1	1/8		1/8	1		-2	46	Bb2	2	83
5	5	33/2	33/2	0.5	1/8	1/8	4/4	2	1	1/8		1/8	1		-1	53	F3	3	84
5	5	33/2	33/2	0.5	1/8	1/8	4/4	1	1	1/8		1/8	1		0	60	C4	4	76
5	5	17	17	0.5	1/4	1/4	4/4	2	1	1/8		1/8	1		-1	41	F2	2	85
5	5	17	17	0.5	1/4	1/4	4/4	1	1	1/8		1/8	1		2	62	D4	4	77
5	5	35/2	35/2	0.5	3/8	3/8	4/4	2	1	1/8		1/8	1		1	55	G3	3	86
5	5	35/2	35/2	0.5	3/8	3/8	4/4	1	1	1/8		1/8	1		4	64	E4	4	78
5	5	18	18	0.5	1/2	1/2	4/4	2	1	1/8		1/8	1		-2	46	Bb2	2	87
5	5	18	18	0.5	1/2	1/2	4/4	1	1	1/8		1/8	1		-1	65	F4	4	79
5	5	37/2	37/2	0.5	5/8	5/8	4/4	2	1	1/8		1/8	1		3	57	A3	3	88
5	5	37/2	37/2	0.5	5/8	5/8	4/4	1	1	1/8		1/8	1		1	67	G4	4	80
5	5	19	19	0.5	3/4	3/4	4/4	2	1	1/8		1/8	1		-1	41	F2	2	89
5	5	19	19	0.5	3/4	3/4	4/4	1	1	1/8		1/8	1		4	64	E4	4	81
5	5	39/2	39/2	0.5	7/8	7/8	4/4	2	1	1/8		1/8	1		1	55	G3	3	90
5	5	39/2	39/2	0.5	7/8	7/8	4/4	1	1	1/8		1/8	1		-1	65	F4	4	82
6	6	20	20	0.5	0	0	4/4	2	1	1/8		1/8	1		-2	46	Bb2	2	99
6	6	20	20	0.5	0	0	4/4	1	1	1/8		1/8	1		2	62	D4	4	91
6	6	41/2	41/2	0.5	1/8	1/8	4/4	2	1	1/8		1/8	1		-1	53	F3	3	100
6	6	41/2	41/2	0.5	1/8	1/8	4/4	1	1	1/8		1/8	1		0	60	C4	4	92
6	6	21	21	0.5	1/4	1/4	4/4	2	1	1/8		1/8	1		-1	41	F2	2	101
6	6	21	21	0.5	1/4	1/4	4/4	1	1	1/8		1/8	1		2	62	D4	4	93
6	6	43/2	43/2	0.5	3/8	3/8	4/4	2	1	1/8		1/8	1		1	55	G3	3	102
6	6	43/2	43/2	0.5	3/8	3/8	4/4	1	1	1/8		1/8	1		4	64	E4	4	94
6	6	22	22	0.5	1/2	1/2	4/4	2	1	1/8		1/8	1		-2	46	Bb2	2	103
6	6	22	22	0.5	1/2	1/2	4/4	1	1	1/8		1/8	1		-1	65	F4	4	95
6	6	45/2	45/2	0.5	5/8	5/8	4/4	2	1	1/8		1/8	1		3	57	A3	3	104
6	6	45/2	45/2	0.5	5/8	5/8	4/4	1	1	1/8		1/8	1		1	67	G4	4	96
6	6	23	23	0.5	3/4	3/4	4/4	2	1	1/8		1/8	1		-1	41	F2	2	105
6	6	23	23	0.5	3/4	3/4	4/4	1	1	1/8		1/8	1		4	64	E4	4	97
6	6	47/2	47/2	0.5	7/8	7/8	4/4	2	1	1/8		1/8	1		1	55	G3	3	106
6	6	47/2	47/2	0.5	7/8	7/8	4/4	1	1	1/8		1/8	1		-1	65	F4	4	98
7	7	24	24	0.5	0	0	4/4	2	1	1/8		1/8	1		-2	46	Bb2	2	110
7	7	24	24	1.0	0	0	4/4	1	1	1/4		1/4	1		2	62	D4	4	107
7	7	49/2	49/2	0.5	1/8	1/8	4/4	2	1	1/8		1/8	1		-1	53	F3	3	111
7	7	25	25	0.5	1/4	1/4	4/4	2	1	1/8		1/8	1		-1	41	F2	2	112
7	7	25	25	1.0	1/4	1/4	4/4	1	1	1/4		1/4	1		0	60	C4	4	108
7	7	51/2	51/2	0.5	3/8	3/8	4/4	2	1	1/8		1/8	1		1	55	G3	3	113
7	7	26	26	0.5	1/2	1/2	4/4	2	1	1/8		1/8	1		-2	46	Bb2	2	114
7	7	26	26	2.0	1/2	1/2	4/4	1	1	1/2		1/2	1		2	62	D4	4	109
7	7	53/2	53/2	0.5	5/8	5/8	4/4	2	1	1/8		1/8	1		3	57	A3	3	115
7	7	27	27	0.5	3/4	3/4	4/4	2	1	1/8		1/8	1		-1	41	F2	2	116
7	7	55/2	55/2	0.5	7/8	7/8	4/4	2	1	1/8		1/8	1		1	55	G3	3	117
8	8	28	28	0.5	0	0	4/4	2	1	1/8		1/8	1		-2	46	Bb2	2	131
8	8	28	28	0.5	0	0	4/4	1	2	1/8		1/8	1		-1	77	F5	5	123
8	8	28	28	1.0	0	0	4/4	1	1	1/4		1/4	1		-1	77	F5	5	118
8	8	57/2	57/2	0.5	1/8	1/8	4/4	2	1	1/8		1/8	1		-1	53	F3	3	132
8	8	57/2	57/2	0.5	1/8	1/8	4/4	1	2	1/8		1/8	1		2	62	D4	4	124
8	8	29	29	0.5	1/4	1/4	4/4	2	1	1/8		1/8	1		-1	41	F2	2	133
8	8	29	29	0.5	1/4	1/4	4/4	1	1	1/8		1/8	1		-1	77	F5	5	119
8	8	29	29	0.5	1/4	1/4	4/4	1	2	1/8		1/8	1		-1	77	F5	5	125
8	8	59/2	59/2	0.5	3/8	3/8	4/4	2	1	1/8		1/8	1		1	55	G3	3	134
8	8	59/2	59/2	0.5	3/8	3/8	4/4	1	2	1/8		1/8	1		-3	63	Eb4	4	126
8	8	59/2	59/2	0.5	3/8	3/8	4/4	1	1	1/8		1/8	1		-3	75	Eb5	5	120
8	8	30	30	0.5	1/2	1/2	4/4	2	1	1/8		1/8	1		-2	46	Bb2	2	135
8	8	30	30	0.5	1/2	1/2	4/4	1	2	1/8		1/8	1		2	74	D5	5	127
8	8	30	30	1.0	1/2	1/2	4/4	1	1	1/4		1/4	1		2	74	D5	5	121
8	8	61/2	61/2	0.5	5/8	5/8	4/4	2	1	1/8		1/8	1		3	57	A3	3	136
8	8	61/2	61/2	0.5	5/8	5/8	4/4	1	2	1/8		1/8	1		-1	65	F4	4	128
8	8	31	31	0.5	3/4	3/4	4/4	2	1	1/8		1/8	1		-1	41	F2	2	137
8	8	31	31	0.5	3/4	3/4	4/4	1	2	1/8		1/8	1		0	72	C5	5	129
8	8	31	31	1.0	3/4	3/4	4/4	1	1	1/4		1/4	1		0	72	C5	5	122
8	8	63/2	63/2	0.5	7/8	7/8	4/4	2	1	1/8		1/8	1		1	55	G3	3	138
8	8	63/2	63/2	0.5	7/8	7/8	4/4	1	2	1/8		1/8	1		-3	63	Eb4	4	130
9	9	32	32	0.5	0	0	4/4	2	1	1/8		1/8	1		-2	46	Bb2	2	148
9	9	32	32	0.5	0	0	4/4	1	2	1/8		1/8	1		-2	70	Bb4	4	142
9	9	32	32	1.0	0	0	4/4	1	1	1/4		1/4	1		-2	70	Bb4	4	139
9	9	65/2	65/2	0.5	1/8	1/8	4/4	2	1	1/8		1/8	1		-1	53	F3	3	149
9	9	65/2	65/2	0.5	1/8	1/8	4/4	1	2	1/8		1/8	1		2	62	D4	4	143
9	9	33	33	0.5	1/4	1/4	4/4	2	1	1/8		1/8	1		-1	41	F2	2	150
9	9	33	33	0.5	1/4	1/4	4/4	1	2	1/8		1/8	1		1	67	G4	4	144
9	9	33	33	1.0	1/4	1/4	4/4	1	1	1/4		1/4	1		1	67	G4	4	140
9	9	67/2	67/2	0.5	3/8	3/8	4/4	2	1	1/8		1/8	1		1	55	G3	3	151
9	9	67/2	67/2	0.5	3/8	3/8	4/4	1	2	1/8		1/8	1		-3	63	Eb4	4	145
9	9	34	34	0.5	1/2	1/2	4/4	2	1	1/8		1/8	1		-2	46	Bb2	2	152
9	9	34	34	2.0	1/2	1/2	4/4	1	1	1/2		1/2	1		-1	65	F4	4	141
9	9	69/2	69/2	0.5	5/8	5/8	4/4	2	1	1/8		1/8	1		3	57	A3	3	153
9	9	69/2	69/2	1.0	5/8	5/8	4/4	1	2	1/4		1/4	1		2	62	D4	4	146
9	9	35	35	0.5	3/4	3/4	4/4	2	1	1/8		1/8	1		-1	41	F2	2	154
9	9	71/2	71/2	0.5	7/8	7/8	4/4	2	1	1/8		1/8	1		1	55	G3	3	155
9	9	71/2	71/2	0.5	7/8	7/8	4/4	1	2	1/8		1/8	1		0	60	C4	4	147
10	10	36	36	0.5	0	0	4/4	2	1	1/8		1/8	1		-2	46	Bb2	2	164
10	10	36	36	1.0	0	0	4/4	1	1	1/4		1/4	1		-5	73	Db5	5	156
10	10	73/2	73/2	0.5	1/8	1/8	4/4	2	1	1/8		1/8	1		-1	53	F3	3	165
10	10	37	37	0.5	1/4	1/4	4/4	2	1	1/8		1/8	1		-1	41	F2	2	166
10	10	37	37	1.0	1/4	1/4	4/4	1	1	1/4		1/4	1		-5	73	Db5	5	157
10	10	75/2	75/2	0.5	3/8	3/8	4/4	2	1	1/8		1/8	1		1	55	G3	3	167
10	10	38	38	0.0	1/2	1/2	4/4	1	1	0	grace32	1/32	1	1	-5	73	Db5	5	158
10	10	38	38	0.0	1/2	1/2	4/4	1	1	0	grace32	1/32	1		-3	75	Eb5	5	159
10	10	38	38	0.5	1/2	1/2	4/4	2	1	1/8		1/8	1		-2	46	Bb2	2	168
10	10	38	38	0.5	1/2	1/2	4/4	1	1	1/8		1/8	1	-1	-5	73	Db5	5	160
10	10	77/2	77/2	0.5	5/8	5/8	4/4	2	1	1/8		1/8	1		3	57	A3	3	169
10	10	77/2	77/2	0.5	5/8	5/8	4/4	1	1	1/8		1/8	1		-7	71	Cb5	5	161
10	10	39	39	0.5	3/4	3/4	4/4	2	1	1/8		1/8	1		-1	41	F2	2	170
10	10	39	39	0.5	3/4	3/4	4/4	1	1	1/8		1/8	1		-2	70	Bb4	4	162
10	10	79/2	79/2	0.5	7/8	7/8	4/4	2	1	1/8		1/8	1		1	55	G3	3	171
10	10	79/2	79/2	0.5	7/8	7/8	4/4	1	1	1/8		1/8	1		-4	68	Ab4	4	163
11	11	40	40	0.5	0	0	4/4	2	1	1/8		1/8	1		-2	46	Bb2	2	175
11	11	40	40	1.0	0	0	4/4	1	1	1/4		1/4	1		-6	66	Gb4	4	172
11	11	81/2	81/2	0.5	1/8	1/8	4/4	2	1	1/8		1/8	1		-1	53	F3	3	176
11	11	41	41	0.5	1/4	1/4	4/4	2	1	1/8		1/8	1		-1	41	F2	2	177
11	11	41	41	1.0	1/4	1/4	4/4	1	1	1/4		1/4	1		-3	63	Eb4	4	173
11	11	83/2	83/2	0.5	3/8	3/8	4/4	2	1	1/8		1/8	1		1	55	G3	3	178
11	11	42	42	0.5	1/2	1/2	4/4	2	1	1/8		1/8	1		-2	46	Bb2	2	179
11	11	42	42	2.0	1/2	1/2	4/4	1	1	1/2		1/2	1		-5	61	Db4	4	174
11	11	85/2	85/2	0.5	5/8	5/8	4/4	2	1	1/8		1/8	1		3	57	A3	3	180
11	11	43	43	0.5	3/4	3/4	4/4	2	1	1/8		1/8	1		-1	41	F2	2	181
11	11	87/2	87/2	0.5	7/8	7/8	4/4	2	1	1/8		1/8	1		1	55	G3	3	182
12	12	44	44	0.5	0	0	4/4	2	1	1/8		1/8	1		-2	46	Bb2	2	185
12	12	44	44	2.0	0	0	4/4	1	1	1/2		1/2	1		-4	68	Ab4	4	183
12	12	44	44	2.0	0	0	4/4	1	1	1/2		1/2	1		-2	82	Bb5	5	183
12	12	89/2	89/2	0.5	1/8	1/8	4/4	2	1	1/8		1/8	1		-1	53	F3	3	186
12	12	45	45	0.5	1/4	1/4	4/4	2	1	1/8		1/8	1		-1	41	F2	2	187
12	12	91/2	91/2	0.5	3/8	3/8	4/4	2	1	1/8		1/8	1		1	55	G3	3	188
12	12	46	46	0.5	1/2	1/2	4/4	2	1	1/8		1/8	1		-2	46	Bb2	2	189
12	12	46	46	2.0	1/2	1/2	4/4	1	1	1/2		1/2	1		-5	61	Db4	4	184
12	12	46	46	2.0	1/2	1/2	4/4	1	1	1/2		1/2	1		-3	75	Eb5	5	184
12	12	93/2	93/2	0.5	5/8	5/8	4/4	2	1	1/8		1/8	1		3	57	A3	3	190
12	12	47	47	0.5	3/4	3/4	4/4	2	1	1/8		1/8	1		-1	41	F2	2	191
12	12	95/2	95/2	0.5	7/8	7/8	4/4	2	1	1/8		1/8	1		1	55	G3	3	192
13	13	48	48	0.5	0	0	4/4	2	1	1/8		1/8	1		-2	46	Bb2	2	195
13	13	48	48	2.0	0	0	4/4	1	1	1/2		1/2	1		-4	68	Ab4	4	193
13	13	48	48	2.0	0	0	4/4	1	1	1/2		1/2	1		-2	82	Bb5	5	193
13	13	97/2	97/2	0.5	1/8	1/8	4/4	2	1	1/8		1/8	1		-1	53	F3	3	196
13	13	49	49	0.5	1/4	1/4	4/4	2	1	1/8		1/8	1		-1	41	F2	2	197
13	13	99/2	99/2	0.5	3/8	3/8	4/4	2	1	1/8		1/8	1		1	55	G3	3	198
13	13	50	50	0.5	1/2	1/2	4/4	2	1	1/8		1/8	1		-2	46	Bb2	2	199
13	13	50	50	2.0	1/2	1/2	4/4	1	1	1/2		1/2	1		-5	61	Db4	4	194
13	13	50	50	2.0	1/2	1/2	4/4	1	1	1/2		1/2	1		-3	75	Eb5	5	194
13	13	101/2	101/2	0.5	5/8	5/8	4/4	2	1	1/8		1/8	1		3	57	A3	3	200
13	13	51	51	0.5	3/4	3/4	4/4	2	1	1/8		1/8	1		-1	41	F2	2	201
13	13	103/2	103/2	0.5	7/8	7/8	4/4	2	1	1/8		1/8	1		1	55	G3	3	202
14	14	52	52	0.5	0	0	4/4	2	1	1/8		1/8	1		-2	46	Bb2	2	211
14	14	52	52	1.0	0	0	4/4	1	1	1/4		1/4	1		-4	80	Ab5	5	203
14	14	105/2	105/2	0.5	1/8	1/8	4/4	2	1	1/8		1/8	1		-1	53	F3	3	212
14	14	53	53	0.0	1/4	1/4	4/4	1	1	0	acciaccatura	1/8	1		5	83	B5	5	204
14	14	53	53	0.5	1/4	1/4	4/4	2	1	1/8		1/8	1		-1	41	F2	2	213
14	14	53	53	0.5	1/4	1/4	4/4	1	1	1/8		1/8	1		1	79	G5	5	205
14	14	107/2	107/2	0.5	3/8	3/8	4/4	2	1	1/8		1/8	1		1	55	G3	3	214
14	14	107/2	107/2	0.5	3/8	3/8	4/4	1	1	1/8		1/8	1		-6	78	Gb5	5	206
14	14	54	54	0.5	1/2	1/2	4/4	2	1	1/8		1/8	1		-2	46	Bb2	2	215
14	14	54	54	1.0	1/2	1/2	4/4	1	1	1/4		1/4	1		-3	75	Eb5	5	207
14	14	109/2	109/2	0.5	5/8	5/8	4/4	2	1	1/8		1/8	1		3	57	A3	3	216
14	14	55	55	0.0	3/4	3/4	4/4	1	1	0	acciaccatura	1/8	1		-6	78	Gb5	5	208
14	14	55	55	0.5	3/4	3/4	4/4	2	1	1/8		1/8	1		-1	41	F2	2	217
14	14	55	55	0.5	3/4	3/4	4/4	1	1	1/8		1/8	1		2	74	D5	5	209
14	14	111/2	111/2	0.5	7/8	7/8	4/4	2	1	1/8		1/8	1		1	55	G3	3	218
14	14	111/2	111/2	0.5	7/8	7/8	4/4	1	1	1/8		1/8	1		-5	73	Db5	5	210
15	15	56	56	0.5	0	0	4/4	2	1	1/8		1/8	1		-2	46	Bb2	2	226
15	15	56	56	1.0	0	0	4/4	1	1	1/4		1/4	1		-2	70	Bb4	4	219
15	15	113/2	113/2	0.5	1/8	1/8	4/4	2	1	1/8		1/8	1		-1	53	F3	3	227
15	15	57	57	0.0	1/4	1/4	4/4	1	1	0	acciaccatura	1/8	1		-5	73	Db5	5	220
15	15	57	57	0.5	1/4	1/4	4/4	2	1	1/8		1/8	1		-1	41	F2	2	228
15	15	57	57	0.5	1/4	1/4	4/4	1	1	1/8		1/8	1		3	69	A4	4	221
15	15	115/2	115/2	0.5	3/8	3/8	4/4	2	1	1/8		1/8	1		1	55	G3	3	229
15	15	115/2	115/2	0.5	3/8	3/8	4/4	1	1	1/8		1/8	1		-4	68	Ab4	4	222
15	15	58	58	0.5	1/2	1/2	4/4	2	1	1/8		1/8	1		-2	46	Bb2	2	230
15	15	58	58	0.5	1/2	1/2	4/4	1	1	1/8		1/8	1		1	67	G4	4	223
15	15	117/2	117/2	0.5	5/8	5/8	4/4	2	1	1/8		1/8	1		3	57	A3	3	231
15	15	117/2	117/2	0.5	5/8	5/8	4/4	1	1	1/8		1/8	1		-6	66	Gb4	4	224
15	15	59	59	0.5	3/4	3/4	4/4	2	1	1/8		1/8	1		-1	41	F2	2	232
15	15	59	59	1.0	3/4	3/4	4/4	1	1	1/4		1/4	1		-3	63	Eb4	4	225
15	15	119/2	119/2	0.5	7/8	7/8	4/4	2	1	1/8		1/8	1		1	55	G3	3	233
16	16	60	60	0.5	0	0	4/4	2	1	1/8		1/8	1		-2	46	Bb2	2	242
16	16	60	60	1.0	0	0	4/4	1	1	1/4		1/4	1		-4	80	Ab5	5	234
16	16	121/2	121/2	0.5	1/8	1/8	4/4	2	1	1/8		1/8	1		-1	53	F3	3	243
16	16	61	61	0.0	1/4	1/4	4/4	1	1	0	acciaccatura	1/8	1		5	83	B5	5	235
16	16	61	61	0.5	1/4	1/4	4/4	2	1	1/8		1/8	1		-1	41	F2	2	244
16	16	61	61	0.5	1/4	1/4	4/4	1	1	1/8		1/8	1		1	79	G5	5	236
16	16	123/2	123/2	0.5	3/8	3/8	4/4	2	1	1/8		1/8	1		1	55	G3	3	245
16	16	123/2	123/2	0.5	3/8	3/8	4/4	1	1	1/8		1/8	1		-6	78	Gb5	5	237
16	16	62	62	0.5	1/2	1/2	4/4	2	1	1/8		1/8	1		-2	46	Bb2	2	246
16	16	62	62	1.0	1/2	1/2	4/4	1	1	1/4		1/4	1		-3	75	Eb5	5	238
16	16	125/2	125/2	0.5	5/8	5/8	4/4	2	1	1/8		1/8	1		3	57	A3	3	247
16	16	63	63	0.0	3/4	3/4	4/4	1	1	0	acciaccatura	1/8	1		-6	78	Gb5	5	239
16	16	63	63	0.5	3/4	3/4	4/4	2	1	1/8		1/8	1		-1	41	F2	2	248
16	16	63	63	0.5	3/4	3/4	4/4	1	1	1/8		1/8	1		2	74	D5	5	240
16	16	127/2	127/2	0.5	7/8	7/8	4/4	2	1	1/8		1/8	1		1	55	G3	3	249
16	16	127/2	127/2	0.5	7/8	7/8	4/4	1	1	1/8		1/8	1		-5	73	Db5	5	241
17	17	64	64	0.5	0	0	4/4	2	1	1/8		1/8	1		-2	46	Bb2	2	257
17	17	64	64	1.0	0	0	4/4	1	1	1/4		1/4	1		-2	70	Bb4	4	250
17	17	129/2	129/2	0.5	1/8	1/8	4/4	2	1	1/8		1/8	1		-1	53	F3	3	258
17	17	65	65	0.0	1/4	1/4	4/4	1	1	0	acciaccatura	1/8	1		-5	73	Db5	5	251
17	17	65	65	0.5	1/4	1/4	4/4	2	1	1/8		1/8	1		-1	41	F2	2	259
17	17	65	65	0.5	1/4	1/4	4/4	1	1	1/8		1/8	1		3	69	A4	4	252
17	17	131/2	131/2	0.5	3/8	3/8	4/4	2	1	1/8		1/8	1		1	55	G3	3	260
17	17	131/2	131/2	0.5	3/8	3/8	4/4	1	1	1/8		1/8	1		-4	68	Ab4	4	253
17	17	66	66	0.5	1/2	1/2	4/4	2	1	1/8		1/8	1		-2	46	Bb2	2	261
17	17	66	66	0.5	1/2	1/2	4/4	1	1	1/8		1/8	1		1	67	G4	4	254
17	17	133/2	133/2	0.5	5/8	5/8	4/4	2	1	1/8		1/8	1		3	57	A3	3	262
17	17	133/2	133/2	0.5	5/8	5/8	4/4	1	1	1/8		1/8	1		-6	66	Gb4	4	255
17	17	67	67	0.5	3/4	3/4	4/4	2	1	1/8		1/8	1		-1	41	F2	2	263
17	17	67	67	1.0	3/4	3/4	4/4	1	1	1/4		1/4	1		-3	63	Eb4	4	256
17	17	135/2	135/2	0.5	7/8	7/8	4/4	2	1	1/8		1/8	1		1	55	G3	3	264
18	18	68	68	0.5	0	0	4/4	2	1	1/8		1/8	1		-2	46	Bb2	2	267
18	18	68	68	2.0	0	0	4/4	1	1	1/2		1/2	1		-4	68	Ab4	4	265
18	18	68	68	2.0	0	0	4/4	1	1	1/2		1/2	1		-2	82	Bb5	5	265
18	18	137/2	137/2	0.5	1/8	1/8	4/4	2	1	1/8		1/8	1		-1	53	F3	3	268
18	18	69	69	0.5	1/4	1/4	4/4	2	1	1/8		1/8	1		-1	41	F2	2	269
18	18	139/2	139/2	0.5	3/8	3/8	4/4	2	1	1/8		1/8	1		1	55	G3	3	270
18	18	70	70	0.5	1/2	1/2	4/4	2	1	1/8		1/8	1		-2	46	Bb2	2	271
18	18	70	70	2.0	1/2	1/2	4/4	1	1	1/2		1/2	1		-5	61	Db4	4	266
18	18	70	70	2.0	1/2	1/2	4/4	1	1	1/2		1/2	1		-3	75	Eb5	5	266
18	18	141/2	141/2	0.5	5/8	5/8	4/4	2	1	1/8		1/8	1		3	57	A3	3	272
18	18	71	71	0.5	3/4	3/4	4/4	2	1	1/8		1/8	1		-1	41	F2	2	273
18	18	143/2	143/2	0.5	7/8	7/8	4/4	2	1	1/8		1/8	1		1	55	G3	3	274
19	19	72	72	0.5	0	0	4/4	2	1	1/8		1/8	1		-2	46	Bb2	2	277
19	19	72	72	2.0	0	0	4/4	1	1	1/2		1/2	1		-4	68	Ab4	4	275
19	19	72	72	2.0	0	0	4/4	1	1	1/2		1/2	1		-2	82	Bb5	5	275
19	19	145/2	145/2	0.5	1/8	1/8	4/4	2	1	1/8		1/8	1		-1	53	F3	3	278
19	19	73	73	0.5	1/4	1/4	4/4	2	1	1/8		1/8	1		-1	41	F2	2	279
19	19	147/2	147/2	0.5	3/8	3/8	4/4	2	1	1/8		1/8	1		1	55	G3	3	280
19	19	74	74	0.5	1/2	1/2	4/4	2	1	1/8		1/8	1		-2	46	Bb2	2	281
19	19	74	74	2.0	1/2	1/2	4/4	1	1	1/2		1/2	1		-5	61	Db4	4	276
19	19	74	74	2.0	1/2	1/2	4/4	1	1	1/2		1/2	1		-3	75	Eb5	5	276
19	19	149/2	149/2	0.5	5/8	5/8	4/4	2	1	1/8		1/8	1		3	57	A3	3	282
19	19	75	75	0.5	3/4	3/4	4/4	2	1	1/8		1/8	1		-1	41	F2	2	283
19	19	151/2	151/2	0.5	7/8	7/8	4/4	2	1	1/8		1/8	1		1	55	G3	3	284
20	20	76	76	0.5	0	0	4/4	2	1	1/8		1/8	1		-2	46	Bb2	2	298
20	20	76	76	0.5	0	0	4/4	1	2	1/8		1/8	1		-1	77	F5	5	290
20	20	76	76	1.0	0	0	4/4	1	1	1/4		1/4	1		-1	77	F5	5	285
20	20	153/2	153/2	0.5	1/8	1/8	4/4	2	1	1/8		1/8	1		-1	53	F3	3	299
20	20	153/2	153/2	0.5	1/8	1/8	4/4	1	2	1/8		1/8	1		2	62	D4	4	291
20	20	77	77	0.5	1/4	1/4	4/4	2	1	1/8		1/8	1		-1	41	F2	2	300
20	20	77	77	0.5	1/4	1/4	4/4	1	1	1/8		1/8	1		-1	77	F5	5	286
20	20	77	77	0.5	1/4	1/4	4/4	1	2	1/8		1/8	1		-1	77	F5	5	292
20	20	155/2	155/2	0.5	3/8	3/8	4/4	2	1	1/8		1/8	1		1	55	G3	3	301
20	20	155/2	155/2	0.5	3/8	3/8	4/4	1	2	1/8		1/8	1		-3	63	Eb4	4	293
20	20	155/2	155/2	0.5	3/8	3/8	4/4	1	1	1/8		1/8	1		-3	75	Eb5	5	287
20	20	78	78	0.5	1/2	1/2	4/4	2	1	1/8		1/8	1		-2	46	Bb2	2	302
20	20	78	78	0.5	1/2	1/2	4/4	1	2	1/8		1/8	1		2	74	D5	5	294
20	20	78	78	1.0	1/2	1/2	4/4	1	1	1/4		1/4	1		2	74	D5	5	288
20	20	157/2	157/2	0.5	5/8	5/8	4/4	2	1	1/8		1/8	1		3	57	A3	3	303
20	20	157/2	157/2	0.5	5/8	5/8	4/4	1	2	1/8		1/8	1		-1	65	F4	4	295
20	20	79	79	0.5	3/4	3/4	4/4	2	1	1/8		1/8	1		-1	41	F2	2	304
20	20	79	79	0.5	3/4	3/4	4/4	1	2	1/8		1/8	1		0	72	C5	5	296
20	20	79	79	1.0	3/4	3/4	4/4	1	1	1/4		1/4	1		0	72	C5	5	289
20	20	159/2	159/2	0.5	7/8	7/8	4/4	2	1	1/8		1/8	1		1	55	G3	3	305
20	20	159/2	159/2	0.5	7/8	7/8	4/4	1	2	1/8		1/8	1		-3	63	Eb4	4	297
21	21	80	80	0.5	0	0	4/4	2	1	1/8		1/8	1		-2	46	Bb2	2	315
21	21	80	80	0.5	0	0	4/4	1	2	1/8		1/8	1		-2	70	Bb4	4	309
21	21	80	80	1.0	0	0	4/4	1	1	1/4		1/4	1		-2	70	Bb4	4	306
21	21	161/2	161/2	0.5	1/8	1/8	4/4	2	1	1/8		1/8	1		-1	53	F3	3	316
21	21	161/2	161/2	0.5	1/8	1/8	4/4	1	2	1/8		1/8	1		2	62	D4	4	310
21	21	81	81	0.5	1/4	1/4	4/4	2	1	1/8		1/8	1		-1	41	F2	2	317
21	21	81	81	0.5	1/4	1/4	4/4	1	2	1/8		1/8	1		1	67	G4	4	311
21	21	81	81	1.0	1/4	1/4	4/4	1	1	1/4		1/4	1		1	67	G4	4	307
21	21	163/2	163/2	0.5	3/8	3/8	4/4	2	1	1/8		1/8	1		1	55	G3	3	318
21	21	163/2	163/2	0.5	3/8	3/8	4/4	1	2	1/8		1/8	1		-3	63	Eb4	4	312
21	21	82	82	0.5	1/2	1/2	4/4	2	1	1/8		1/8	1		-2	46	Bb2	2	319
21	21	82	82	2.0	1/2	1/2	4/4	1	1	1/2		1/2	1	1	-1	65	F4	4	308
21	21	165/2	165/2	0.5	5/8	5/8	4/4	2	1	1/8		1/8	1		3	57	A3	3	320
21	21	165/2	165/2	1.0	5/8	5/8	4/4	1	2	1/4		1/4	1		2	62	D4	4	313
21	21	83	83	0.5	3/4	3/4	4/4	2	1	1/8		1/8	1		-1	41	F2	2	321
21	21	167/2	167/2	0.5	7/8	7/8	4/4	2	1	1/8		1/8	1		1	55	G3	3	322
21	21	167/2	167/2	0.5	7/8	7/8	4/4	1	2	1/8		1/8	1		0	60	C4	4	314
22	22	84	84	0.5	0	0	4/4	2	1	1/8		1/8	1		-2	46	Bb2	2	328
22	22	84	84	4.0	0	0	4/4	1	1	1		1	1	0	-1	65	F4	4	323
22	22	169/2	169/2	0.5	1/8	1/8	4/4	2	1	1/8		1/8	1		-1	53	F3	3	329
22	22	169/2	169/2	1.0	1/8	1/8	4/4	1	2	1/4		1/4	1		2	62	D4	4	324
22	22	85	85	0.5	1/4	1/4	4/4	2	1	1/8		1/8	1		-1	41	F2	2	330
22	22	171/2	171/2	0.5	3/8	3/8	4/4	2	1	1/8		1/8	1		1	55	G3	3	331
22	22	171/2	171/2	1.0	3/8	3/8	4/4	1	2	1/4		1/4	1		0	60	C4	4	325
22	22	86	86	0.5	1/2	1/2	4/4	2	1	1/8		1/8	1		-2	46	Bb2	2	332
22	22	173/2	173/2	0.5	5/8	5/8	4/4	2	1	1/8		1/8	1		3	57	A3	3	333
22	22	173/2	173/2	1.0	5/8	5/8	4/4	1	2	1/4		1/4	1		2	62	D4	4	326
22	22	87	87	0.5	3/4	3/4	4/4	2	1	1/8		1/8	1		-1	41	F2	2	334
22	22	175/2	175/2	0.5	7/8	7/8	4/4	2	1	1/8		1/8	1		1	55	G3	3	335
22	22	175/2	175/2	0.5	7/8	7/8	4/4	1	2	1/8		1/8	1		0	60	C4	4	327
23	23	88	88	0.5	0	0	4/4	2	1	1/8		1/8	1		-2	46	Bb2	2	341
23	23	88	88	4.0	0	0	4/4	1	1	1		1	1	-1	-1	65	F4	4	336
23	23	177/2	177/2	0.5	1/8	1/8	4/4	2	1	1/8		1/8	1		-1	53	F3	3	342
23	23	177/2	177/2	1.0	1/8	1/8	4/4	1	2	1/4		1/4	1		2	62	D4	4	337
23	23	89	89	0.5	1/4	1/4	4/4	2	1	1/8		1/8	1		-1	41	F2	2	343
23	23	179/2	179/2	0.5	3/8	3/8	4/4	2	1	1/8		1/8	1		1	55	G3	3	344
23	23	179/2	179/2	1.0	3/8	3/8	4/4	1	2	1/4		1/4	1		0	60	C4	4	338
23	23	90	90	0.5	1/2	1/2	4/4	2	1	1/8		1/8	1		-2	46	Bb2	2	345
23	23	181/2	181/2	0.5	5/8	5/8	4/4	2	1	1/8		1/8	1		3	57	A3	3	346
23	23	181/2	181/2	1.0	5/8	5/8	4/4	1	2	1/4		1/4	1		2	62	D4	4	339
23	23	91	91	0.5	3/4	3/4	4/4	2	1	1/8		1/8	1		-1	41	F2	2	347
23	23	183/2	183/2	0.5	7/8	7/8	4/4	2	1	1/8		1/8	1		1	55	G3	3	348
23	23	183/2	183/2	0.5	7/8	7/8	4/4	1	2	1/8		1/8	1		0	60	C4	4	340
24	24	92	92	1.0	0	0	4/4	2	1	1/4		1/4	1		-2	46	Bb2	2	355
24	24	185/2	185/2	0.5	1/8	1/8	4/4	1	1	1/8		1/8	1		2	62	D4	4	349
24	24	93	93	1.0	1/4	1/4	4/4	2	1	1/4		1/4	1		6	54	F#3	3	356
24	24	93	93	0.5	1/4	1/4	4/4	1	1	1/8		1/8	1		3	69	A4	4	350
24	24	187/2	187/2	0.5	3/8	3/8	4/4	1	1	1/8		1/8	1		7	73	C#5	5	351
24	24	94	94	1.0	1/2	1/2	4/4	2	1	1/4		1/4	1		6	66	F#4	4	357
24	24	94	94	0.5	1/2	1/2	4/4	1	1	1/8		1/8	1		3	81	A5	5	352
24	24	189/2	189/2	0.5	5/8	5/8	4/4	1	1	1/8		1/8	1		7	85	C#6	6	353
24	24	95	95	0.0	3/4	3/4	4/4	2	1	0	acciaccatura	1/8	1		7	73	C#5	5	358
24	24	95	95	0.0	3/4	3/4	4/4	2	1	0	acciaccatura	1/8	1		6	78	F#5	5	358
24	24	95	95	1.0	3/4	3/4	4/4	2	1	1/4		1/4	1		0	72	C5	5	359
24	24	95	95	1.0	3/4	3/4	4/4	2	1	1/4		1/4	1		-1	77	F5	5	359
24	24	95	95	1.0	3/4	3/4	4/4	1	1	1/4		1/4	1		6	90	F#6	6	354
24	24	95	95	1.0	3/4	3/4	4/4	1	1	1/4		1/4	1		3	93	A6	6	354
